app_id,application_name,library,version,dependency_type,license,license_status,license_penalty,last_updated,maintenance_status,maintenance_penalty,cve_id,cvss_score,severity,patch_available,vulnerability_penalty,risk_score,risk_level,risk_type,recommendation,flags
APP001,Customer Portal,openssl-py,1.1.0,direct,GPL-3.0,RESTRICTED,20.0,2019-01-15,UNMAINTAINED,15.0,CVE-2022-3602,9.8,CRITICAL,False,45.0,80.0,CRITICAL,VULNERABILITY,Urgent action required: upgrade or replace immediately (unpatched CVE-2022-3602); consult legal before shipping (restricted license); consider replacing this unmaintained library (stale 7.49 years).,"CRITICAL_CVE, UNPATCHED_CVE, RESTRICTED_LICENSE, UNMAINTAINED"
APP003,Payment Gateway,log4j-shim,2.14.1,transitive,LGPL-2.1,REVIEW,5.0,2021-09-01,UNMAINTAINED,15.0,"CVE-2021-44228, CVE-2021-45046",10.0,CRITICAL,True,40.0,60.0,HIGH,VULNERABILITY,"High priority: upgrade to patch CVE-2021-44228, CVE-2021-45046; have legal review the license terms; consider replacing this unmaintained library (stale 4.86 years).","CRITICAL_CVE, LICENSE_REVIEW_NEEDED, UNMAINTAINED"
APP003,Payment Gateway,pyyaml,5.3.1,direct,MIT,ALLOWED,0.0,2020-03-18,UNMAINTAINED,15.0,CVE-2020-14343,7.8,HIGH,True,25.0,40.0,MEDIUM,VULNERABILITY,Recommended: upgrade to patch CVE-2020-14343; consider replacing this unmaintained library (stale 6.31 years).,"HIGH_CVE, UNMAINTAINED"
APP001,Customer Portal,requests,2.25.0,direct,Apache-2.0,ALLOWED,0.0,2020-11-01,UNMAINTAINED,15.0,CVE-2023-32681,6.1,MEDIUM,True,15.0,30.0,MEDIUM,VULNERABILITY,Recommended: upgrade to patch CVE-2023-32681; consider replacing this unmaintained library (stale 5.69 years).,UNMAINTAINED
APP002,Internal Analytics Service,mystery-lib,0.9.0,transitive,Unknown,UNKNOWN,10.0,2015-05-05,UNMAINTAINED,15.0,,,NONE,,0.0,25.0,LOW,MAINTENANCE,Low priority: identify the license; consider replacing this unmaintained library (stale 11.18 years).,"UNKNOWN_LICENSE, UNMAINTAINED"
APP001,Customer Portal,flask,2.0.1,direct,BSD-3-Clause,ALLOWED,0.0,2026-05-01,MAINTAINED,0.0,CVE-2023-30861,5.3,MEDIUM,True,15.0,15.0,LOW,VULNERABILITY,Low priority: upgrade to patch CVE-2023-30861.,
APP001,Customer Portal,left-pad,1.3.0,transitive,MIT,ALLOWED,0.0,2016-04-12,UNMAINTAINED,15.0,,,NONE,,0.0,15.0,LOW,MAINTENANCE,Low priority: consider replacing this unmaintained library (stale 10.25 years).,UNMAINTAINED
APP002,Internal Analytics Service,numpy,1.24.0,direct,BSD-3-Clause,ALLOWED,0.0,2026-04-15,MAINTAINED,0.0,,,NONE,,0.0,0.0,LOW,NONE,No action required; dependency appears healthy.,
APP002,Internal Analytics Service,pandas,2.1.0,direct,BSD-3-Clause,ALLOWED,0.0,2026-02-10,MAINTAINED,0.0,,,NONE,,0.0,0.0,LOW,NONE,No action required; dependency appears healthy.,
APP003,Payment Gateway,requests,2.31.0,direct,Apache-2.0,ALLOWED,0.0,2026-06-01,MAINTAINED,0.0,,,NONE,,0.0,0.0,LOW,NONE,No action required; dependency appears healthy.,
